,Variant,Year,Fuel,KM driven,No. of Owners,Location,Price
0,lxi,2013,petrol,65000,2,Mumbai,315000
1,lxi,2012,petrol,40000,1,Kolhapur,295000
2,vxi,2023,cng,22000,1,Thane,645000
3,lxi,2012,cng,121000,2,Pune,285000
4,lxi,2015,cng,90000,1,Pune,375000
5,lxi,2016,cng,44000,2,Pune,400000
6,vxi,2013,petrol,68000,1,Nashik,341000
8,lxi,2025,cng,1000,1,Mumbai,110000
9,vxi,2016,petrol,22000,1,Pune,395000
10,vxi,2025,cng,1000,1,Mumbai,115000
11,vxi,2013,lpg,72000,1,Kolhapur,315000
12,lxi,2012,cng,65000,1,Thane,275000
13,lxi,2014,petrol,44000,1,Pune,295000
14,vxi,2025,cng,8000,1,Pune,650000
15,lxi,2013,petrol,75000,1,Nashik,290000
16,vxi,2015,petrol,52000,1,Thane,295000
17,vxi,2014,petrol,76000,1,Kolhapur,375000
18,vxi,2021,petrol,38000,1,Mumbai,539000
19,vxi,2020,petrol,30000,1,Nagpur,500000
20,vxi,2012,petrol,55000,1,Nagpur,240000
21,vxi,2018,petrol,65000,1,Kolhapur,440000
22,lxi,2015,cng,65000,3,Sangli,365000
23,vxi,2018,petrol,51000,1,Nagpur,390000
24,vxi,2013,petrol,1000,1,Kolhapur,355000
25,lxi,2021,cng,86000,1,Kolhapur,620000
26,zxi,2025,cng,1000,1,Mumbai,80000
27,lxi,2013,petrol,41000,1,Nagpur,270000
28,vxi,2019,petrol,44000,1,Nagpur,490000
29,vxi,2016,cng,56000,1,Pune,425000
30,vxi,2016,cng,56000,1,Pune,425000
31,vxi,2016,cng,56000,1,Pune,425000
32,zxi,2023,petrol,13000,1,Aurangabad,635000
33,lxi,2025,cng,1000,1,Mumbai,110000
34,vxi,2004,petrol,86000,5,Nashik,75000
35,vxi,2017,petrol,71000,2,Nagpur,390000
36,lxi,2021,cng,79000,1,Mumbai,565000
37,lxi,2020,cng,48000,2,Thane,490000
38,lxi,2019,cng,85000,2,Kolhapur,525000
39,vxi,2019,petrol,110000,1,Kolhapur,511000
40,zxi,2019,petrol,10000,2,Kolhapur,545000
41,lxi,2021,cng,79000,1,Mumbai,565000
42,lxi,2017,cng,132000,1,Kolhapur,380000
43,vxi,2025,cng,1000,1,Mumbai,110000
44,lxi,2015,cng,85000,2,Kolhapur,365000
45,vxi,2014,petrol,49000,1,Mumbai,269000
46,lxi,2011,cng,70000,4,Mumbai,140000
47,lxi,2007,lpg,83000,2,Sangli,100000
48,vxi,2022,petrol,12000,1,Kolhapur,625000
49,lxi,2020,cng,87000,1,Thane,511000
50,vxi,2005,petrol,75000,1,Pune,145000
51,vxi,2022,cng,55000,1,Kolhapur,635000
52,vxi,2024,cng,23000,1,Mumbai,650000
53,vxi,2013,cng,91000,1,Thane,255000
54,vxi,2021,cng,59000,1,Thane,525000
55,vxi,2007,petrol,130000,3,Kolhapur,150000
56,lxi,2008,petrol,108000,4,Pune,75000
57,lxi,2017,petrol,92000,1,Pune,380000
58,lxi,2009,petrol,210000,4,Aurangabad,110000
59,lxi,2021,cng,78000,1,Mumbai,565000
60,lxi,2024,cng,20000,1,Thane,649000
62,lxi,2017,cng,270000,1,Thane,100000
63,lxi,2021,cng,95000,1,Thane,565000
64,lxi,2017,cng,92000,2,Mumbai,275000
65,lxi,2011,petrol,110000,1,Amravati,260000
66,lxi,2012,cng,100000,2,Nashik,299000
67,lxi,2018,cng,80000,1,Pune,395000
68,lxi,2020,petrol,54000,1,Kolhapur,525000
69,lxi,2011,petrol,55000,2,Wardha,200000
70,vxi,2011,petrol,108000,2,Pune,185000
71,vxi,2022,petrol,12000,1,Kolhapur,621000
72,vxi,2015,petrol,34000,1,Kolhapur,386000
73,zxi,2020,petrol,7000,1,Mumbai,599000
74,vxi,2016,petrol,35000,2,Kolhapur,375000
75,lxi,2018,cng,51000,1,Mumbai,200000
76,lxi,2018,cng,83000,2,Thane,385000
77,lxi,2018,cng,83000,2,Thane,385000
78,lxi,2013,cng,65000,1,Mumbai,150000
79,lxi,2018,cng,83000,2,Thane,385000
80,vxi,2024,petrol,11000,1,Pune,693000
81,vxi,2020,petrol,14000,1,Kolhapur,551000
82,lxi,2021,cng,58000,1,Mumbai,566000
83,lxi,2011,petrol,88000,2,Mumbai,225000
84,pro,2016,petrol,39000,1,Mumbai,295000
85,lxi,2014,petrol,92000,1,Mumbai,280000
86,lxi,2015,cng,129000,1,Thane,350000
87,vxi,2017,petrol,79000,1,Kolhapur,435000
88,vxi,2015,petrol,99000,1,Kolhapur,375000
89,lxi,2018,cng,63000,1,Pune,425000
90,lxi,2021,cng,98000,1,Thane,550000
91,lxi,2013,cng,75000,2,Thane,235000
92,vxi,2022,petrol,2000,1,Nagpur,550000
93,zxi,2022,petrol,24000,1,Thane,527000
94,vxi,2017,petrol,13000,1,Mumbai,361000
95,vxi,2017,petrol,45000,1,Mumbai,345000
96,lxi,2017,cng,68000,1,Pune,390000
97,lxi,2011,petrol,75000,1,Nagpur,239000
98,vxi,2022,petrol,2000,1,Nagpur,550000
99,vxi,2021,cng,79000,1,Pune,575000
100,vxi,2016,petrol,38000,1,Pune,365000
101,vxi,2010,petrol,156000,2,Nashik,240000
102,vxi,2018,petrol,51000,1,Nagpur,390000
103,vxi,2021,cng,79000,1,Pune,575000
104,vxi,2022,cng,42000,1,Thane,560000
105,lxi,2019,cng,65000,3,Sangli,449999
106,lxi,2011,cng,90000,2,Pune,260000
107,vxi,2021,petrol,60000,1,Thane,495000
108,lxi,2023,cng,35000,1,Thane,589000
109,vxi,2018,petrol,94000,1,Sangli,425000
110,vxi,2022,cng,57000,1,Palghar,625000
111,lxi,2021,cng,79000,1,Mumbai,575000
112,vxi,2014,petrol,78000,2,Mumbai,245000
113,vxi,2014,petrol,96000,1,Nashik,365000
114,vxi,2016,petrol,68000,1,Satara,421000
115,vxi,2022,petrol,2000,1,Nagpur,550000
116,lxi,2023,cng,530000,1,Pune,590000
117,lxi,2007,lpg,1000,4,Pune,82000
118,lxi,2022,cng,55000,1,Thane,575000
119,zxi,2020,petrol,67000,1,Pune,520000
120,vxi,2011,petrol,72000,1,Thane,165000
121,lxi,2010,petrol,59000,1,Nagpur,165000
122,vxi,2012,petrol,36000,1,Mumbai,265000
123,lxi,2017,cng,62000,1,Thane,395000
124,lxi,2022,cng,55000,1,Thane,575000
125,lxi,2014,cng,210000,1,Thane,290000
128,zxi,2022,petrol,39000,1,Pune,527000
129,vxi,2017,petrol,40000,1,Pune,375000
130,vxi,2013,petrol,18000,1,Pune,325000
131,lxi,2011,petrol,31000,1,Mumbai,199000
132,lxi,2011,petrol,31000,1,Mumbai,199000
133,lxi,2011,petrol,31000,1,Mumbai,199000
135,lxi,2020,cng,41000,1,Mumbai,529000
136,vxi,2011,petrol,62000,1,Raigad,211000
137,vxi,2013,cng,39000,3,Thane,230000
138,lxi,2016,cng,980000,3,Thane,280000
139,vxi,2016,petrol,64000,1,Pune,395000
140,pro,2015,petrol,62000,1,Nagpur,335000
141,vxi,2012,petrol,74000,2,Pune,280000
142,vxi,2014,petrol,24000,1,Jalgaon,350000
143,lxi,2012,petrol,56000,1,Nagpur,285000
144,vxi,2016,petrol,64000,1,Pune,395000
145,lxi,2016,petrol,40000,1,Mumbai,345000
146,lxi,2006,petrol,90000,3,Nagpur,60000
147,vxi,2016,petrol,92000,3,Sangli,350000
148,vxi,2015,petrol,34000,2,Aurangabad,325000
149,vxi,2019,petrol,80000,2,Sangli,500000
150,vxi,2014,petrol,80000,1,Sangli,325000
151,lxi,2020,cng,71000,1,Thane,500000
152,lxi,2024,cng,87000,1,Thane,460000
153,zxi,2020,petrol,26000,1,Mumbai,510000
154,zxi,2020,petrol,26000,1,Mumbai,510000
155,lxi,2012,cng,32000,1,Nashik,311000
156,lxi,2017,cng,95000,1,Pune,384000
157,lxi,2017,cng,95000,1,Pune,385000
158,lxi,2021,cng,26000,1,Thane,575000
159,lxi,2020,cng,101000,2,Sangli,535000
160,zxi,2022,petrol,14000,2,Thane,511000
161,vxi,2017,petrol,42000,1,Mumbai,399000
162,lxi,2020,cng,48000,2,Mumbai,490000
163,lxi,2014,cng,80000,3,Thane,235000
164,lxi,2021,cng,71000,1,Pune,550000
165,lxi,2021,cng,44000,1,Pune,514000
166,lxi,2019,cng,80000,1,Pune,472713
167,lxi,2022,cng,18000,1,Pune,559000
168,lxi,2021,cng,76000,2,Pune,471000
169,lxi,2021,cng,25000,1,Pune,550000
170,vxi,2022,petrol,30000,1,Thane,486000
171,lxi,2011,petrol,60000,1,Sangli,260000
173,lxi,2009,petrol,79000,2,Nagpur,145000
174,vxi,2024,petrol,1000,1,Mumbai,669000
175,lxi,2013,cng,75000,1,Thane,260000
176,lxi,2015,cng,31000,1,Mumbai,310000
177,vxi,2015,petrol,53000,3,Yavatmal,299999
178,lxi,2009,petrol,90000,5,Aurangabad,95000
179,lxi,2013,cng,69000,2,Thane,230000
180,lxi,2019,petrol,42000,2,Mumbai,375000
181,vxi,2011,petrol,72000,1,Mumbai,165000
182,lxi,2023,petrol,9000,1,Mumbai,635000
183,lxi,2010,petrol,70000,2,Mumbai,155000
184,lxi,2015,cng,75000,1,Pune,365000
185,lxi,2015,cng,75000,1,Pune,365000
186,lxi,2017,cng,112000,3,Thane,115000
187,lxi,2015,cng,75000,1,Pune,365000
188,lxi,2015,cng,75000,1,Pune,365000
189,vxi,2011,petrol,74000,1,Pune,210000
190,lxi,2008,cng,75000,3,Thane,99000
191,lxi,2014,cng,123000,1,Pune,295000
192,vxi,2021,petrol,25000,1,Mumbai,473724
193,lxi,2016,cng,73000,4,Mumbai,195011
194,lxi,2012,cng,63000,2,Raigad,220000
195,vxi,2014,petrol,28000,2,Mumbai,255000
196,lxi,2012,petrol,90000,3,Aurangabad,220000
198,lxi,2011,petrol,49000,2,Pune,260000
199,lxi,2014,petrol,87000,2,Nagpur,290000
200,vxi,2015,petrol,69000,1,Pune,325000
201,lxi,2014,cng,85000,2,Pune,265000
202,lxi,2016,cng,48000,1,Nashik,451000
203,lxi,2016,cng,73000,1,Mumbai,345000
204,vxi,2014,petrol,71000,2,Kolhapur,335000
205,lxi,2018,cng,85000,1,Pune,428500
206,lxi,2018,cng,85000,1,Pune,429000
207,lxi,2017,cng,72000,2,Mumbai,325000
208,lxi,2012,petrol,72000,1,Mumbai,225000
209,lxi,2019,cng,30000,1,Kolhapur,570000
210,lxi,2014,cng,69000,1,Thane,315000
211,vxi,2010,cng,80000,3,Thane,159000
212,lxi,2013,petrol,61000,2,Pune,310000
213,lxi,2013,cng,120000,2,Osmanabad,340000
214,lxi,2012,cng,64000,1,Thane,285000
215,vxi,2016,petrol,41000,2,Pune,329000
216,vxi,2009,petrol,72000,4,Kolhapur,175000
217,vxi,2016,petrol,87000,3,Aurangabad,260000
218,lxi,2014,cng,86000,1,Mumbai,290000
219,zxi,2020,petrol,43000,2,Aurangabad,470000
220,lx minor,2006,petrol,153000,2,Nashik,99000
221,vxi,2016,petrol,81000,1,Thane,288000
222,vxi,2016,petrol,54000,1,Mumbai,325000
223,vxi,2021,petrol,48000,1,Thane,435000
224,vxi,2014,petrol,32000,2,Mumbai,300000
225,lxi,2013,cng,75000,1,Mumbai,275000
226,lxi,2015,cng,45000,1,Thane,355000
227,lxi,2009,petrol,100000,4,Amravati,130000
228,lxi,2010,cng,1000,3,Aurangabad,160000
229,vxi,2013,petrol,83000,2,Nashik,295000
230,lxi,2021,cng,40000,1,Pune,590000
231,vxi,2017,petrol,46000,3,Mumbai,275000
232,lxi,2022,cng,56000,1,Thane,615000
233,lxi,2013,petrol,15000,1,Mumbai,299999
234,vxi,2014,petrol,78000,1,Nashik,365000
235,vxi,2011,petrol,38000,1,Mumbai,200000
236,lxi,2015,cng,104000,2,Pune,349000
237,vxi,2012,petrol,35000,2,Kolhapur,309000
238,lxi,2016,cng,45000,1,Thane,375000
239,zxi,2022,petrol,50000,1,Pune,457000
240,zxi,2021,petrol,39000,1,Kolhapur,621000
241,vxi,2013,petrol,47000,1,Jalgaon,325000
242,lxi,2013,petrol,95000,1,Ratnagiri,270000
243,vxi,2016,petrol,22000,1,Pune,390000
244,lxi,2012,petrol,37000,1,Mumbai,225000
245,lxi,2021,cng,63000,1,Pune,515000
246,lxi,2015,cng,45000,2,Thane,365000
247,lxi,2012,cng,118000,1,Pune,335000
248,lxi,2020,cng,52000,1,Thane,495000
249,lxi,2023,cng,45000,1,Thane,589000
250,lxi,2012,cng,62000,1,Thane,298000
251,lxi,2015,cng,48000,1,Mumbai,325000
252,lxi,2017,cng,132000,1,Kolhapur,380000
253,lxi,2017,petrol,55000,1,Mumbai,399000
254,vxi,2018,petrol,58000,1,Nagpur,425000
255,lxi,2025,cng,1000,1,Mumbai,110000
256,vxi,2016,petrol,59000,1,Mumbai,299000
257,lxi,2012,cng,63000,1,Thane,275000
258,vxi,2015,petrol,76000,2,Sangli,365000
259,lxi,2011,petrol,55000,2,Pune,199000
260,vxi,2018,petrol,40000,2,Ahmednagar,360000
261,vxi,2012,petrol,60000,1,Kolhapur,295000
262,vxi,2019,petrol,55000,1,Pune,495000
263,lxi,2016,petrol,36000,1,Mumbai,365000
265,lxi,2018,cng,1000,2,Pune,245000
266,lxi,2013,cng,92000,2,Kolhapur,325000
267,lxi,2012,cng,66000,2,Mumbai,251000
268,lxi,2021,cng,86000,1,Kolhapur,620000
269,vxi,2013,petrol,63000,1,Thane,250000
270,lxi,2023,cng,65000,1,Thane,610000
271,vxi,2023,cng,39000,1,Ratnagiri,615000
272,lxi,2021,cng,41000,1,Kolhapur,575000
273,vxi,2023,cng,22000,1,Thane,650000
274,lxi,2021,cng,80000,1,Pune,550000
275,vxi,2011,petrol,49000,3,Kolhapur,260000
276,lxi,2013,cng,65000,1,Nashik,320000
277,vxi,2023,cng,30000,1,Kolhapur,640000
278,lxi,2013,cng,90000,1,Nashik,325000
279,lxi,2021,cng,65000,1,Thane,510000
280,lxi,2019,petrol,42000,2,Mumbai,375000
281,vxi,2015,petrol,100000,1,Kolhapur,340000
282,vxi,2022,petrol,12000,1,Kolhapur,625000
283,vxi,2016,petrol,62000,1,Nashik,421000
284,lxi,2018,cng,83000,1,Pune,450000
285,vxi,2024,cng,1000,1,Mumbai,110000
286,vxi,2014,petrol,116000,2,Pune,325000
287,zxi,2019,petrol,52000,1,Kolhapur,590000
288,vxi,2012,petrol,31000,1,Mumbai,215000
289,lxi,2024,cng,32000,1,Thane,550000
290,ax minor,2008,petrol,64000,4,Kolhapur,110000
291,vxi,2008,petrol,77000,1,Pune,150000
292,lxi,2019,cng,68000,2,Thane,439999
293,vxi,2019,petrol,53000,1,Kolhapur,495000
294,lxi,2014,cng,72000,1,Thane,339999
295,vxi,2009,petrol,54000,5,Kolhapur,95000
296,lxi,2011,petrol,31000,1,Mumbai,199000
297,lxi,2011,petrol,31000,1,Mumbai,199000
298,ax minor,2011,petrol,114000,3,Pune,180000
299,lxi,2011,cng,90000,2,Pune,235000
300,lxi,2020,cng,87000,1,Kolhapur,575000
301,vxi,2014,petrol,17000,1,Jalgaon,361000
302,vxi,2014,petrol,17000,1,Nashik,355000
304,vxi,2011,petrol,85000,2,Mumbai,215000
305,vxi,2021,cng,42000,1,Kolhapur,621000
306,lxi,2009,petrol,53000,1,Mumbai,130000
307,lxi,2012,petrol,71000,1,Pune,250000
308,vxi,2013,petrol,31000,1,Nashik,300000
309,lxi,2007,petrol,100000,1,Mumbai,118000
310,lxi,2013,cng,97000,1,Thane,285000
311,vxi,2016,petrol,59000,1,Nashik,380000
312,vxi,2020,petrol,36000,1,Nashik,535000
313,vxi,2020,petrol,30000,1,Mumbai,479000
314,lxi,2015,cng,125000,1,Pune,350000
315,lxi,2019,cng,175000,2,Mumbai,200000
316,vxi,2020,petrol,30000,1,Mumbai,479000
317,vxi,2018,petrol,72000,1,Nagpur,460000
318,vxi,2018,petrol,72000,1,Nagpur,460000
319,lxi,2016,petrol,20000,2,Mumbai,215000
320,lxi,2020,cng,41000,1,Thane,495000
321,vxi,2007,petrol,79000,3,Nagpur,150000
322,vxi,2020,petrol,67000,1,Pune,520000
323,vxi,2020,petrol,30000,1,Mumbai,479000
324,vxi,2018,petrol,75000,1,Kolhapur,465000
327,lxi,2010,petrol,38000,1,Mumbai,188000
328,lxi,2012,petrol,49000,2,Mumbai,220000
329,lxi,2020,cng,33000,2,Thane,498000
330,lxi,2021,cng,113000,2,Raigad,550000
332,vxi,2020,cng,69000,2,Kolhapur,571000
333,vxi,2025,cng,1000,1,Mumbai,70000
334,vxi,2012,petrol,63000,2,Kolhapur,290000
335,lxi,2016,cng,97000,1,Pune,399999
336,vxi,2018,cng,65000,1,Thane,435000
337,vxi,2015,petrol,80000,2,Nashik,350000
338,lxi,2013,petrol,41000,1,Nagpur,270000
339,lxi,2022,cng,34000,1,Thane,575000
340,lxi,2022,cng,80000,1,Mumbai,370000
341,vxi,2013,petrol,47000,1,Nashik,321000
342,lxi,2010,petrol,55000,1,Nagpur,165000
343,lxi,2020,cng,55000,1,Pune,555555
344,lxi,2020,cng,29000,1,Mumbai,515000
345,vxi,2015,petrol,84000,1,Pune,300000
346,vxi,2020,petrol,50000,1,Thane,425000
347,lxi,2020,cng,52000,1,Thane,490000
348,lxi,2014,cng,85000,2,Thane,275000
349,vxi,2017,cng,200000,2,Thane,125000
350,lxi,2016,petrol,105000,3,Latur,285000
351,lxi,2014,cng,94000,2,Thane,290000
352,lxi,2013,cng,135000,3,Pune,185000
353,lxi,2015,cng,79000,1,Kolhapur,400000
354,vxi,2018,petrol,58000,1,Nagpur,425000
355,vxi,2018,petrol,48000,1,Nagpur,399000
356,vxi,2017,petrol,77000,2,Nagpur,325000
357,vxi,2025,cng,1000,1,Mumbai,120000
358,lxi,2025,cng,1000,1,Mumbai,110000
359,lxi,2021,cng,79000,1,Mumbai,565000
360,lxi,2011,petrol,70000,1,Nagpur,239000
361,vxi,2018,petrol,76000,1,Satara,435000
362,vxi,2023,cng,28000,1,Thane,615000
363,vxi,2016,petrol,61000,2,Thane,345000
364,vxi,2023,cng,28000,1,Thane,610000
365,vxi,2023,cng,28000,1,Thane,615000
366,vxi,2023,cng,12000,1,Thane,640000
367,lxi,2025,cng,1000,1,Mumbai,110000
368,lxi,2012,cng,75000,1,Thane,295000
370,vxi,2015,petrol,88000,2,Nashik,325000
371,lxi,2017,cng,67000,2,Kolhapur,420000
372,lxi,2020,petrol,75000,1,Thane,525000
373,lxi,2016,petrol,78000,1,Pune,360000
374,lxi,2021,cng,96000,1,Kolhapur,575000
375,lxi,2014,cng,124000,2,Thane,299000
376,lxi,2017,cng,95000,1,Pune,381000
377,zxi,2023,petrol,7000,1,Thane,646000
378,lxi,2016,cng,203000,2,Thane,140000
379,vxi,2019,petrol,69000,1,Kolhapur,525000
380,lxi,2019,cng,11000,1,Mumbai,450000
381,lxi,2018,petrol,75000,1,Satara,460000
382,vxi,2014,petrol,24000,1,Nashik,349000
383,lxi,2012,cng,104000,2,Sangli,220000
384,lxi,2016,cng,152000,2,Thane,99999
385,vxi,2013,petrol,61000,2,Pune,314000
386,zxi,2022,petrol,45000,1,Kolhapur,620000
387,vxi,2013,petrol,58000,2,Pune,195000
388,lxi,2012,petrol,94000,5,Jalgaon,210000
389,lxi,2021,cng,68000,1,Thane,525000
390,lxi,2021,cng,68000,1,Thane,525000
391,lxi,2021,cng,68000,1,Thane,525000
392,lxi,2016,cng,37000,1,Mumbai,345000
393,lxi,2011,cng,150000,2,Pune,225000
394,lxi,2007,lpg,83000,2,Aurangabad,80000
395,lxi,2018,cng,42000,1,Nashik,380000
396,vxi,2016,petrol,21000,1,Pune,397000
397,lxi,2023,cng,39000,1,Pune,545000
398,lxi,2023,cng,39000,1,Pune,549000
399,lxi,2009,petrol,55000,1,Pune,180000
400,vxi,2018,petrol,76000,1,Satara,450000
401,lxi,2014,petrol,132000,3,Mumbai,281000
402,lx minor,2012,cng,56000,2,Ratnagiri,270000
403,lxi,2009,petrol,55000,1,Pune,180000
404,lxi,2009,petrol,50000,1,Pune,185000
405,lxi,2023,cng,36000,1,Pune,541000
406,lxi,2023,cng,41000,1,Pune,541000
407,lxi,2022,petrol,5000,1,Mumbai,599000
408,lxi,2012,petrol,44000,1,Pune,250000
409,lxi,2018,cng,83000,2,Latur,370000
410,lxi,2007,petrol,51000,2,Thane,100000
411,lxi,2016,cng,65000,2,Thane,315000
412,lxi,2016,cng,65000,2,Thane,315000
413,lxi,2016,cng,65000,2,Thane,315000
414,vxi,2017,petrol,74000,2,Pune,370000
415,ax minor,2012,petrol,114000,3,Sangli,200000
416,vxi,2012,petrol,58000,1,Mumbai,200000
417,lxi,2013,petrol,35000,1,Aurangabad,298000
418,lxi,2009,petrol,90000,3,Sangli,95000
420,vxi,2023,cng,70000,1,Nashik,665000
421,vxi,2014,petrol,24000,1,Nashik,349000
422,lxi,2011,petrol,80000,1,Kolhapur,255000
423,lxi,2020,cng,81000,1,Mumbai,505000
424,lxi,2019,cng,20000,1,Mumbai,500000
425,vxi,2008,petrol,105000,2,Nashik,110000
426,lxi,2011,cng,65000,2,Mumbai,215000
427,vxi,2019,cng,78000,2,Mumbai,421000
428,vxi,2006,cng,75000,5,Thane,75000
429,lxi,2015,cng,72000,2,Mumbai,330000
430,ax minor,2023,cng,16000,1,Thane,575000
431,lxi,2016,cng,100000,2,Thane,90000
432,vxi,2013,petrol,92000,3,Sindhudurg,230000
433,vxi,2013,petrol,75000,3,Aurangabad,252000
434,vxi,2014,petrol,24000,2,Mumbai,285000
435,vxi,2013,petrol,58000,1,Nashik,315000
436,vxi,2021,petrol,23000,1,Pune,530000
437,lxi,2013,petrol,64000,2,Aurangabad,265000
438,lxi,2020,cng,87000,1,Kolhapur,575000
439,lxi,2021,cng,50000,1,Pune,525000
440,vxi,2018,petrol,65000,1,Kolhapur,440000
441,lxi,2015,cng,65000,3,Sangli,365000
442,zxi,2019,petrol,10000,2,Kolhapur,545000
443,lxi,2020,cng,125000,1,Pune,450000
444,lxi,2024,cng,40000,1,Thane,150000
445,vxi,2018,petrol,90000,1,Sindhudurg,430000
446,lxi,2013,cng,108000,2,Nashik,295000
447,vxi,2014,petrol,75000,2,Aurangabad,277786
448,lxi,2008,petrol,85000,5,Aurangabad,99000
449,lxi,2011,cng,82000,2,Sangli,280000
450,lxi,2024,cng,46000,1,Pune,680000
453,lxi,2015,cng,75000,1,Thane,385000
454,lxi,2017,cng,1000,2,Thane,155000
455,lxi,2019,cng,64000,1,Pune,590000
460,lxi,2021,cng,79000,1,Mumbai,565000
461,lxi,2017,cng,132000,1,Kolhapur,380000
462,lxi,2024,cng,20000,1,Thane,649000
467,zxi,2022,petrol,22000,1,Pune,592000
468,vxi,2014,petrol,75000,2,Kolhapur,380000
469,lxi,2015,cng,20000,1,Thane,300000
470,vxi,2017,petrol,71000,2,Nagpur,390000
472,lxi,2019,diesel,72000,1,Mumbai,475000
473,lxi,2014,cng,63000,2,Thane,289000
474,vxi,2014,petrol,96000,1,Nashik,365000
475,vxi,2016,petrol,128000,2,Aurangabad,340000
476,lxi,2015,cng,78000,1,Thane,325000
477,lxi,2009,petrol,71000,1,Pune,145000
478,lxi,2021,cng,75000,1,Thane,568000
479,lxi,2013,petrol,80000,3,Mumbai,200000
480,zxi,2021,petrol,39000,1,Kolhapur,621000
481,vxi,2011,petrol,85000,2,Mumbai,215000
482,vxi,2025,cng,1000,1,Mumbai,70000
484,lxi,2013,cng,68000,2,Thane,235000
485,lxi,2013,cng,68000,2,Thane,235000
486,lxi,2013,cng,68000,2,Thane,235000
487,vxi,2023,cng,14000,1,Mumbai,645000
488,vxi,2011,petrol,44000,2,Jalgaon,175000
489,lxi,2008,petrol,69000,2,Pune,125000
490,vxi,2012,cng,52000,1,Thane,289000
491,vxi,2018,petrol,45000,2,Aurangabad,449999
492,vxi,2025,cng,1000,1,Mumbai,120000
494,vxi,2023,petrol,30000,1,Mumbai,599000
495,lxi,2013,petrol,86000,2,Kolhapur,240000
497,lxi,2016,petrol,46000,1,Mumbai,375000
498,lxi,2025,cng,1000,1,Mumbai,110000
499,lxi,2012,petrol,61000,1,Nagpur,220000
501,vxi,2021,petrol,23000,1,Pune,530000
502,vxi,2017,petrol,68000,2,Kolhapur,470000
504,lxi,2021,cng,74000,1,Kolhapur,600000
505,lxi,2021,cng,89000,1,Thane,550000
506,vxi,2016,cng,78000,4,Mumbai,240000
507,vxi,2017,cng,95000,2,Kolhapur,420000
508,vxi,2016,petrol,41000,2,Pune,339000
509,lxi,2011,petrol,53000,1,Sangli,275000
510,lxi,2023,cng,50000,1,Pune,550000
511,vxi,2017,petrol,46000,1,Nagpur,390000
512,lxi,2017,petrol,100000,2,Ahmednagar,375000
513,lxi,2022,cng,11000,1,Thane,549000
514,vxi,2014,petrol,81000,1,Nashik,345000
515,vxi,2024,cng,1000,1,Mumbai,130000
516,vxi,2020,cng,115000,1,Pune,550000
517,lxi,2010,cng,70000,4,Thane,180000
518,vxi,2004,petrol,60000,3,Aurangabad,60000
519,lxi,2021,cng,79000,1,Mumbai,565000
520,vxi,2017,cng,100000,2,Ahmednagar,380000
521,vxi,2025,cng,1000,1,Mumbai,110000
522,lxi,2014,cng,650000,2,Thane,325000
523,zxi,2022,petrol,13000,1,Mumbai,613000
524,lxi,2015,cng,52000,1,Thane,329999
525,vxi,2015,cng,52000,1,Thane,325000
526,vxi,2025,cng,1000,1,Mumbai,110000
528,lxi,2020,cng,34000,1,Pune,499000
529,lxi,2015,cng,48000,1,Mumbai,314000
530,vxi,2014,petrol,74000,1,Nashik,375000
531,vxi,2019,cng,68000,1,Pune,530000
532,vxi,2021,petrol,46000,1,Thane,551000
533,lxi,2014,petrol,89000,1,Mumbai,249000
534,lxi,2017,cng,44000,2,Thane,325000
535,lxi,2014,cng,88000,1,Ahmednagar,299000
536,lxi,2024,cng,39000,1,Mumbai,150000
537,lxi,2024,cng,43000,1,Mumbai,150000
538,lxi,2021,cng,90000,1,Mumbai,525000
539,vxi,2020,petrol,36000,1,Nashik,535000
540,lxi,2013,cng,55000,1,Pune,325000
541,lxi,2008,petrol,120000,1,Ratnagiri,100000
542,vxi,2004,petrol,100000,2,Mumbai,65000
543,vxi,2013,cng,85000,2,Pune,300000
544,lxi,2017,cng,120000,3,Satara,399999
545,vxi,2019,petrol,55000,2,Kolhapur,340000
546,vxi,2015,petrol,58000,1,Nagpur,321000
547,vxi,2010,petrol,66000,2,Nagpur,175000
548,lxi,2009,petrol,77000,2,Nagpur,145000
549,lxi,2024,petrol,50000,1,Pune,180000
550,vxi,2023,cng,32000,1,Thane,650000
551,lxi,2016,cng,89000,3,Thane,265000
553,lxi,2014,cng,89000,2,Thane,305000
554,vxi,2007,lpg,125000,4,Ahmednagar,87000
555,vxi,2023,petrol,24000,2,Nagpur,620000
556,lxi,2017,cng,123000,1,Thane,159999
557,vxi,2019,cng,71000,2,Mumbai,425000
558,lxi,2013,cng,15000,2,Thane,300000
559,lxi,2012,petrol,92000,2,Nashik,260000
560,lxi,2016,cng,77000,3,Pune,360000
561,lxi,2014,cng,101000,3,Pune,244999
562,lxi,2021,cng,66000,1,Thane,535000
563,lxi,2023,cng,28000,1,Thane,598000
564,zxi,2019,cng,60000,1,Thane,484000
565,lxi,2010,petrol,98000,2,Kolhapur,150000
566,lxi,2021,cng,58000,1,Mumbai,566000
567,lxi,2013,cng,56000,1,Pune,331000
568,lxi,2022,cng,3000,1,Thane,578000
569,lxi,2016,cng,300000,2,Thane,100000
570,lxi,2016,cng,74000,4,Sangli,235000
571,vxi,2018,petrol,86000,1,Aurangabad,348000
572,lxi,2018,cng,72000,1,Thane,425000
573,lxi,2017,cng,83000,1,Thane,390000
575,lxi,2017,cng,73000,2,Nashik,355000
576,lxi,2019,cng,88000,1,Thane,425000
577,lxi,2019,cng,88000,1,Thane,420000
578,lxi,2025,cng,1000,1,Mumbai,75000
579,lxi,2016,cng,78000,1,Pune,370000
580,lxi,2015,cng,76000,3,Mumbai,251000
581,vxi,2013,petrol,86000,3,Kolhapur,250000
582,lxi,2010,petrol,65000,2,Sangli,275000
583,lxi,2019,cng,59000,1,Mumbai,470000
585,vxi,2015,petrol,34000,1,Kolhapur,390000
586,vxi,2019,petrol,53000,1,Kolhapur,495000
587,lxi,2014,cng,65000,2,Thane,325000
588,lxi,2011,petrol,59000,2,Pune,235000
589,lxi,2012,cng,56000,1,Thane,220000
590,lxi,2025,cng,1000,1,Mumbai,80000
591,lxi,2020,cng,41000,1,Mumbai,495000
592,zxi,2022,petrol,24000,1,Thane,557000
593,lxi,2013,cng,94000,2,Kolhapur,335000
594,lxi,2012,cng,56000,1,Thane,220000
595,lxi,2012,cng,56000,1,Thane,220000
596,vxi,2017,petrol,73000,1,Kolhapur,425000
597,vxi,2025,cng,1000,1,Mumbai,99000
598,lxi,2014,petrol,87000,2,Sangli,325000
599,lxi,2021,cng,68000,1,Mumbai,529000
600,lxi,2023,petrol,130000,1,Thane,520000
601,lxi,2015,cng,70000,1,Nashik,395000
602,lxi,2011,cng,88000,2,Pune,236500
603,lxi,2021,cng,92000,1,Thane,575000
604,lxi,2015,cng,1000,1,Pune,320000
605,vxi,2014,petrol,24000,1,Thane,295000
606,vxi,2012,cng,100000,1,Aurangabad,210000
607,lxi,2014,cng,59000,1,Nashik,350000
608,vxi,2016,petrol,84000,1,Chandrapur,350000
609,lxi,2025,cng,1000,1,Mumbai,110000
610,lxi,2018,cng,250000,2,Mumbai,150000
611,lxi,2021,cng,63000,1,Mumbai,525000
612,vxi,2014,petrol,46000,1,Nagpur,325000
613,lxi,2018,cng,116000,1,Thane,401000
614,vxi,2022,petrol,19000,1,Mumbai,575000
615,vxi,2014,petrol,74000,1,Nashik,375000
616,ax minor,2011,cng,93000,1,Thane,251000
617,lxi,2018,cng,82000,2,Sangli,480000
618,lxi,2016,cng,347000,2,Thane,90000
619,lxi,2006,petrol,90000,4,Pune,80000
621,lxi,2014,cng,71000,2,Aurangabad,325000
622,lxi,2013,cng,90000,1,Nashik,325000
623,vxi,2012,petrol,48000,2,Pune,250000
624,lxi,2014,cng,63000,2,Mumbai,299000
625,lxi,2013,petrol,125000,3,Ahmednagar,280000
626,lxi,2013,cng,49000,2,Mumbai,249000
627,lxi,2015,cng,117000,1,Satara,390000
628,vxi,2016,petrol,75000,3,Mumbai,310000
629,vxi,2016,cng,42000,1,Thane,389000
630,lxi,2021,cng,89000,1,Thane,515000
631,lxi,2018,cng,70000,1,Pune,430000
632,lxi,2022,cng,6000,1,Mumbai,567000
633,lxi,2021,cng,42000,1,Kolhapur,625000
634,vxi,2019,petrol,84000,2,Sangli,490000
635,vxi,2013,cng,93000,2,Pune,280000
636,lxi,2008,petrol,91000,5,Kolhapur,138000
637,vxi,2016,petrol,36000,1,Thane,335000
638,vxi,2012,cng,65000,1,Thane,285000
639,vxi,2012,cng,62000,1,Thane,285000
640,lxi,2018,cng,118000,1,Mumbai,365000
641,lxi,2014,petrol,49000,2,Raigad,280000
642,vxi,2018,petrol,29000,1,Thane,360000
643,lxi,2017,cng,72000,1,Pune,425000
644,lxi,2014,cng,97000,2,Pune,250000
645,lxi,2021,cng,109000,1,Pune,525000
654,vxi,2025,cng,1000,1,Mumbai,125000
657,lxi,2021,cng,53000,1,Pune,499000
658,lxi,2006,cng,68000,1,Pune,150000
659,vxi,2019,petrol,80000,1,Sangli,475000
660,lxi,2014,cng,61000,1,Satara,300000
661,lxi,2020,cng,76000,2,Satara,559999
662,lxi,2017,cng,75000,2,Thane,275000
663,lxi,2021,cng,95000,1,Thane,380000
664,vxi,2009,cng,95000,1,Nashik,165000
665,lxi,2017,cng,75000,1,Mumbai,399999
666,lxi,2016,petrol,100000,1,Thane,90000
667,lxi,2021,cng,39000,2,Satara,550000
668,lxi,2007,petrol,100000,5,Kolhapur,130000
669,ax minor,2009,petrol,70000,4,Aurangabad,85000
670,lxi,2017,cng,45000,1,Thane,375000
671,vxi,2010,petrol,66000,2,Nagpur,175000
672,lxi,2017,cng,70000,2,Thane,121000
673,lxi,2007,cng,1000,4,Aurangabad,96000
686,vxi,2016,cng,59000,1,Mumbai,390000
687,lxi,2007,petrol,67000,2,Nashik,145000
688,lxi,2012,cng,70000,1,Nashik,295000
689,vxi,2011,petrol,58000,2,Raigad,190000
690,lxi,2017,cng,125000,1,Thane,185000
691,vxi,2011,cng,47000,2,Kolhapur,265000
692,lxi,2014,cng,73000,1,Thane,260000
693,lxi,2014,cng,73000,1,Thane,260000
694,lxi,2014,cng,73000,1,Thane,260000
695,lxi,2007,lpg,60000,3,Pune,121000
696,lxi,2006,petrol,88000,1,Nashik,120000
697,lxi,2016,cng,75000,3,Mumbai,225000
698,lxi,2019,petrol,74000,1,Nashik,490000
699,vxi,2017,petrol,25000,1,Nashik,390000
700,lxi,2010,lpg,25000,2,Nashik,185000
701,lx minor,2010,petrol,50000,2,Nashik,130000
702,vxi,2015,petrol,41000,1,Mumbai,255000
703,vxi,2007,petrol,26000,3,Mumbai,105000
704,lxi,2014,petrol,78000,1,Thane,290000
705,vxi,2015,petrol,78000,1,Kolhapur,370000
706,lxi,2013,cng,55000,2,Thane,300000
707,lxi,2020,cng,85000,1,Thane,495000
708,vxi,2014,petrol,112000,2,Nagpur,350000
709,lxi,2008,petrol,60000,3,Parbhani,90000
710,lxi,2014,cng,57000,3,Mumbai,225000
711,lxi,2016,cng,80000,2,Satara,355000
712,lxi,2015,petrol,850000,4,Latur,250000
713,lxi,2013,cng,100000,2,Pune,225000
714,lxi,2012,lpg,111000,2,Washim,195000
715,lxi,2024,cng,67000,1,Mumbai,575000
716,lxi,2021,cng,80000,2,Raigad,510000
717,vxi,2013,petrol,47000,1,Jalgaon,325000
718,lxi,2018,cng,20000,2,Mumbai,160000
719,vxi,2014,petrol,17000,1,Jalgaon,361000
720,lxi,2011,petrol,90000,2,Mumbai,195000
721,vxi,2014,petrol,24000,1,Jalgaon,350000
722,vxi,2006,petrol,80000,3,Jalna,75000
723,vxi,2007,lpg,160000,4,Jalgaon,75000
724,lxi,2025,cng,1000,1,Thane,110000
725,lxi,2007,lpg,66000,5,Jalgaon,110000
726,lxi,2012,petrol,62000,3,Nagpur,150000
727,lxi,2019,cng,80000,1,Pune,472713
729,vxi,2021,petrol,79000,1,Pune,489000
730,lxi,2021,cng,53000,2,Pune,525000
731,lxi,2018,cng,57000,2,Nashik,375000
732,lxi,2008,petrol,35000,1,Thane,100000
733,vxi,2015,cng,180000,3,Pune,270000
734,vxi,2024,petrol,11000,1,Pune,693000
735,lxi,2014,cng,80000,2,Thane,240000
736,lxi,2017,cng,100000,2,Ahmednagar,380000
737,lxi,2005,cng,50000,2,Mumbai,77000
738,lxi,2017,cng,190000,2,Pune,299999
739,lxi,2016,cng,15000,1,Nashik,421000
740,lxi,2018,cng,296000,2,Thane,200000
741,vxi,2015,petrol,80000,1,Pune,325000
742,vxi,2006,petrol,140000,2,Nanded,80000
743,lxi,2010,petrol,75000,2,Nashik,150000
744,lxi,2010,petrol,43000,2,Mumbai,200000
745,lxi,2018,cng,275000,2,Pune,310000
746,lxi,2013,cng,138000,2,Thane,260000
747,lxi,2009,petrol,105000,4,Nashik,135000
748,lxi,2007,cng,90000,3,Mumbai,90000
749,lxi,2012,cng,64000,2,Thane,235000
750,lxi,2023,petrol,39000,2,Mumbai,570000
751,lxi,2021,cng,32000,1,Kolhapur,560000
752,lxi,2021,cng,84000,1,Pune,495000
753,lxi,2016,cng,500000,1,Thane,145000
754,vxi,2008,petrol,89000,3,Kolhapur,110000
755,vxi,2022,petrol,18000,1,Thane,500000
756,vxi,2016,petrol,40000,2,Pune,305000
757,lxi,2016,petrol,42000,1,Nagpur,365000
758,vxi,2008,petrol,97000,4,Wardha,105000
759,lxi,2022,petrol,110000,1,Mumbai,425000
760,lxi,2022,cng,26000,1,Palghar,529999
761,lxi,2016,petrol,42000,1,Nagpur,365000
762,vxi,2012,petrol,36000,1,Mumbai,265000
763,vxi,2023,cng,32000,1,Thane,612000
764,lxi,2007,petrol,44000,4,Ratnagiri,112000
765,lxi,2024,cng,20000,1,Thane,649000
766,vxi,2018,petrol,510000,1,Nagpur,390000
767,vxi,2018,petrol,51000,1,Nagpur,390000
768,vxi,2022,cng,13000,1,Mumbai,589000
769,zxi,2023,petrol,14000,1,Pune,638000
770,vxi,2012,petrol,112000,3,Buldhana,260000
771,zxi,2021,cng,20000,1,Thane,350000
772,vxi,2018,petrol,86000,1,Latur,370000
773,lxi,2014,cng,120000,4,Thane,260000
774,vxi,2017,cng,60000,1,Pune,370000
775,vxi,2024,cng,24000,1,Thane,555000
776,lxi,2015,cng,45000,2,Mumbai,365000
777,vxi,2013,petrol,52000,2,Pune,253000
778,vxi,2010,petrol,50000,4,Thane,125000
779,lxi,2018,petrol,80000,1,Mumbai,365000
780,vxi,2023,cng,22000,1,Thane,645000
781,lxi,2014,petrol,110000,1,Mumbai,275000
782,lxi,2017,petrol,55000,1,Mumbai,335000
783,vxi,2012,petrol,60000,2,Akola,210000
784,vxi,2015,petrol,80000,2,Nagpur,335000
785,lxi,2023,cng,20000,2,Thane,35000
786,lxi,2019,petrol,42000,2,Mumbai,375000
787,vxi,2004,petrol,62000,2,Nagpur,80000
788,vxi,2014,petrol,89000,2,Aurangabad,295000
789,zxi,2023,cng,70000,1,Mumbai,600000
790,vxi,2020,cng,80000,1,Pune,549000
791,vxi,2019,cng,90000,2,Thane,510000
792,vxi,2009,petrol,45000,5,Jalgaon,110000
793,vxi,2008,lpg,82000,3,Nashik,75000
794,lxi,2019,cng,39000,1,Thane,495000
795,lxi,2018,cng,25000,1,Mumbai,475000
796,lxi,2015,cng,118000,3,Pune,270000
797,lxi,2016,petrol,105000,2,Kolhapur,325000
798,lxi,2013,petrol,95000,1,Ratnagiri,270000
799,vxi,2012,cng,106000,3,Ratnagiri,200000
800,vxi,2024,cng,40000,1,Thane,600000
801,vxi,2016,petrol,54000,1,Mumbai,325000
802,lxi,2020,cng,160000,1,Raigad,480000
804,lxi,2012,cng,106000,2,Pune,250000
805,lxi,2010,petrol,110000,3,Beed,100000
806,lxi,2007,lpg,51000,4,Yavatmal,110000
807,lxi,2013,cng,115000,1,Ratnagiri,265000
808,vxi,2012,petrol,52000,2,Pune,260000
809,lxi,2015,cng,70000,2,Dhule,270000
810,vxi,2022,cng,157000,1,Mumbai,425000
811,vxi,2011,cng,97000,1,Ahmednagar,200000
812,vxi,2008,petrol,125000,2,Pune,130000
813,vxi,2012,petrol,53000,2,Mumbai,225000
814,lxi,2014,cng,64000,1,Thane,290000
815,lxi,2013,petrol,37000,2,Sangli,290000
816,vxi,2023,cng,12000,1,Thane,639000
817,lxi,2014,cng,74000,2,Thane,275000
818,vxi,2017,petrol,42000,1,Mumbai,399000
819,lxi,2020,cng,72000,2,Thane,485000
820,vxi,2016,petrol,48000,1,Thane,415000
821,zxi,2020,petrol,51000,2,Mumbai,485000
822,vxi,2006,petrol,84000,2,Mumbai,79000
823,lxi,2010,cng,81000,4,Ratnagiri,175000
824,vxi,2019,petrol,14000,1,Mumbai,460000
825,vxi,2011,petrol,155000,4,Aurangabad,210000
826,lxi,2017,cng,89000,2,Thane,275000
827,lxi,2011,cng,96000,3,Mumbai,150000
828,lxi,2014,cng,95000,2,Latur,280000
829,lxi,2020,cng,91000,1,Thane,495000
830,lxi,2017,cng,85000,3,Thane,315000
831,vxi,2010,cng,52000,3,Aurangabad,210000
832,lxi,2018,cng,140000,1,Thane,195000
833,lxi,2014,cng,112000,2,Thane,275000
834,lxi,2011,petrol,90000,3,Bhandara,170000
835,lxi,2005,petrol,69000,4,Thane,104000
836,lxi,2014,cng,83000,2,Raigad,290000
837,lxi,2024,cng,35000,1,Thane,20000
838,vxi,2012,petrol,85000,2,Nashik,255000
839,ax minor,2004,petrol,96000,3,Amravati,55000
840,vxi,2023,cng,44000,1,Thane,550000
841,lxi,2008,cng,85000,2,Thane,100000
842,lxi,2016,cng,132000,2,Pune,320000
843,lxi,2014,petrol,71000,2,Pune,271000
844,vxi,2023,petrol,1000,1,Nagpur,40000
845,lxi,2020,cng,50000,1,Osmanabad,521000
846,lxi,2023,cng,69000,1,Mumbai,490000
847,vxi,2012,petrol,63000,2,Thane,218000
848,vxi,2024,cng,131000,1,Mumbai,160000
849,lxi,2018,cng,73000,2,Aurangabad,350000
850,lxi,2016,cng,83000,3,Mumbai,280000
851,lxi,2018,cng,210000,2,Thane,230000
852,vxi,2013,petrol,78000,1,Aurangabad,295000
853,lxi,2018,petrol,60000,3,Mumbai,349999
854,vxi,2014,cng,140000,3,Ratnagiri,295000
855,lxi,2012,petrol,110000,2,Jalgaon,200000
856,vxi,2017,petrol,31000,2,Mumbai,325000
857,vxi,2016,petrol,28000,2,Mumbai,320000
858,vxi,2013,petrol,65000,2,Nagpur,280000
859,lxi,2019,cng,151000,2,Latur,530000
860,vxi,2023,cng,90000,1,Mumbai,550000
861,lxi,2016,cng,100000,1,Pune,121000
862,lxi,2014,cng,106000,2,Sindhudurg,280000
863,vxi,2009,cng,63000,2,Kolhapur,165000
864,lxi,2014,petrol,45000,2,Jalgaon,280000
865,lxi,2017,cng,185000,1,Nagpur,170000
866,lxi,2008,petrol,70000,3,Pune,160000
867,vxi,2019,petrol,5000,1,Pune,410000
868,vxi,2007,petrol,70000,2,Satara,90000
869,lxi,2014,petrol,100000,2,Ahmednagar,315000
870,vxi,2012,cng,89000,2,Dhule,301000
871,lxi,2003,lpg,100000,2,Aurangabad,65000
872,vxi,2017,cng,95000,2,Kolhapur,420000
873,vxi,2023,cng,15000,2,Kolhapur,675000
874,lxi,2015,cng,25000,2,Thane,270000
875,lxi,2016,petrol,42000,1,Nagpur,365000
876,lxi,2022,cng,80000,1,Mumbai,370000
877,lxi,2014,cng,65000,3,Thane,280000
878,lxi,2014,petrol,49000,2,Raigad,330000
879,vxi,2019,petrol,14000,1,Mumbai,495111
880,lxi,2014,cng,65000,3,Thane,299000
881,lxi,2016,cng,127000,3,Thane,300000
882,lxi,2011,petrol,75000,1,Nagpur,239000
883,vxi,2021,petrol,26000,1,Kolhapur,575000
884,lxi,2017,cng,156000,1,Thane,170000
885,lxi,2018,cng,78000,1,Thane,385000
886,vxi,2009,petrol,130000,1,Thane,150000
887,ax minor,2010,petrol,1000,1,Aurangabad,170000
888,lxi,2019,cng,61000,2,Mumbai,500000
889,lxi,2017,cng,300000,2,Thane,150000
890,lxi,2023,cng,78000,1,Pune,520000
891,lxi,2017,cng,66000,2,Thane,350000
894,lxi,2016,cng,116000,1,Latur,365000
895,vxi,2014,petrol,18000,1,Mumbai,300000
896,vxi,2014,petrol,10000,3,Dhule,315000
897,lxi,2015,cng,72000,1,Thane,310000
898,vxi,2020,cng,46000,1,Pune,499000
899,vxi,2022,petrol,12000,1,Kolhapur,625000
900,ax minor,2008,petrol,80000,2,Mumbai,95000
901,vxi,2013,petrol,30000,1,Nagpur,310000
902,lxi,2020,diesel,57000,1,Kolhapur,550000
903,lxi,2021,cng,60000,1,Pune,500000
904,lxi,2014,petrol,90000,2,Ahmednagar,321000
905,lxi,2017,cng,110000,3,Thane,275000
906,vxi,2015,petrol,74000,3,Kolhapur,310000
907,lxi,2013,cng,75000,2,Mumbai,290000
908,lxi,2013,cng,71000,1,Mumbai,260000
909,lxi,2016,cng,100000,3,Thane,260000
910,vxi,2017,cng,202000,2,Thane,210000
911,lxi,2013,petrol,97000,3,Kolhapur,275000
912,vxi,2007,cng,72000,2,Mumbai,110000
913,lxi,2016,cng,104000,4,Sindhudurg,320000
914,vxi,2020,cng,46000,1,Ahmednagar,551000
915,lxi,2014,cng,83000,2,Thane,250000
916,vxi,2012,cng,110000,3,Kolhapur,250000
917,vxi,2003,petrol,120000,3,Nagpur,70000
918,lxi,2011,cng,112000,2,Thane,172000
919,vxi,2024,cng,26000,1,Mumbai,615000
920,lxi,2018,cng,135000,1,Mumbai,220000
921,vxi,2017,petrol,42000,1,Thane,399000
922,vxi,2013,cng,71000,1,Mumbai,255000
923,lxi,2013,cng,84000,1,Ratnagiri,320000
924,vxi,2010,petrol,156000,2,Jalgaon,240000
925,lxi,2011,petrol,75000,4,Aurangabad,170000
926,lxi,2017,cng,81000,1,Pune,385000
927,lxi,2019,cng,30000,1,Kolhapur,570000
928,lxi,2017,cng,170000,2,Thane,270000
929,lxi,2014,cng,68000,2,Thane,265000
930,vxi,2019,petrol,110000,1,Kolhapur,490000
931,vxi,2010,petrol,156000,2,Nashik,240000
932,vxi,2021,cng,119000,1,Pune,545000
933,vxi,2013,petrol,85000,2,Satara,270000
935,zxi,2019,petrol,58000,1,Gondia,495000
936,vxi,2009,petrol,123000,2,Pune,125000
937,vxi,2011,petrol,72000,1,Thane,165000
939,lxi,2011,petrol,70000,1,Nagpur,239000
941,lxi,2016,cng,97000,2,Pune,340000
942,lxi,2011,cng,83000,2,Mumbai,215000
943,zxi,2019,cng,800000,2,Sangli,530000
944,lxi,2023,cng,1000,4,Thane,450000
945,zxi,2022,petrol,14000,2,Thane,511000
946,lxi,2017,cng,270000,1,Thane,100000
947,vxi,2023,petrol,23000,1,Nagpur,700000
948,lxi,2023,petrol,66000,1,Pune,551000
949,lxi,2015,cng,168000,2,Pune,210000
950,lxi,2023,petrol,9000,1,Mumbai,635000
952,lxi,2017,cng,190000,2,Thane,200000
953,lxi,2018,petrol,194000,1,Pune,250000
954,lxi,2014,petrol,69000,3,Kolhapur,300000
955,lxi,2019,cng,75000,2,Pune,499000
956,vxi,2016,petrol,59000,1,Mumbai,321000
957,lxi,2022,cng,120000,1,Latur,550000
958,lxi,2022,cng,120000,1,Latur,530000
959,lxi,2013,cng,87000,3,Sindhudurg,275000
960,vxi,2016,petrol,74000,2,Kolhapur,380000
961,lxi,2014,cng,95000,3,Sangli,290000
962,lxi,2018,petrol,95000,1,Beed,290000
963,lxi,2010,cng,92000,2,Ratnagiri,120000
964,vxi,2017,petrol,82000,2,Sangli,425000
965,lx minor,2007,lpg,83000,2,Amravati,95000
966,vxi,2012,petrol,66000,3,Satara,150000
967,ax minor,2008,petrol,20000,2,Pune,140000
968,vxi,2016,cng,82000,1,Thane,410000
969,vxi,2017,cng,260000,1,Thane,180000
970,lxi,2013,petrol,48000,1,Mumbai,275000
971,lxi,2022,cng,88000,1,Mumbai,450000
972,zxi,2021,petrol,39000,1,Kolhapur,612000
973,lxi,2018,cng,58000,1,Raigad,360000
974,lxi,2019,cng,58000,1,Thane,475000
975,vxi,2016,petrol,38000,1,Pune,365000
976,vxi,2018,cng,1000,1,Thane,190000
977,vxi,2006,petrol,55000,3,Mumbai,60000
978,lxi,2011,petrol,73000,1,Nagpur,210000
979,vxi,2015,petrol,66000,2,Satara,349999
980,vxi,2007,petrol,79000,3,Nagpur,150000
981,lx minor,2015,petrol,160000,2,Thane,270000
982,lxi,2013,cng,90000,1,Thane,250000
983,lxi,2012,cng,78000,2,Thane,215000
984,vxi,2023,cng,1000,1,Thane,650000
985,lxi,2010,petrol,180000,2,Latur,170000
986,ax minor,2008,lpg,100000,4,Beed,115000
987,lxi,2024,petrol,360000,1,Pune,600000
988,lxi,2023,cng,40000,1,Mumbai,510000
989,lxi,2009,lpg,85000,1,Pune,95000
990,lxi,2014,cng,1000,3,Thane,235000
991,lxi,2012,cng,137000,2,Thane,219000
992,lxi,2016,cng,1000,3,Latur,350000
993,lxi,2006,petrol,80000,2,Wardha,100000
994,lxi,2010,petrol,88000,3,Beed,80000
995,vxi,2022,cng,42000,1,Kolhapur,590000
996,lxi,2013,cng,125000,2,Palghar,295000
997,lxi,2012,petrol,162000,2,Nashik,210000
998,lxi,2016,petrol,37000,2,Thane,350000
999,lxi,2024,cng,1000,1,Satara,675000
1000,lxi,2018,cng,220000,1,Mumbai,185000
1001,lxi,2016,cng,133000,1,Mumbai,350000
1002,vxi,2014,petrol,81000,1,Nashik,385000
1003,vxi,2007,cng,150000,2,Pune,180000
1004,lxi,2023,cng,75000,2,Mumbai,480000
1005,zxi,2007,petrol,1000,1,Amravati,65000
1006,lxi,2021,cng,37000,1,Thane,575000
1007,lxi,2019,petrol,42000,2,Mumbai,375000
1008,lxi,2013,petrol,80000,3,Mumbai,250000
1009,vxi,2022,petrol,30000,1,Thane,498000
1010,lxi,2018,cng,250000,1,Mumbai,220000
1011,lxi,2000,petrol,80000,2,Nagpur,90000
1012,lxi,2002,petrol,109000,4,Nagpur,80000
1013,lxi,2013,petrol,39000,1,Nagpur,260000
1014,vxi,2021,cng,96000,1,Kolhapur,580000
1015,lxi,2008,petrol,34000,2,Thane,85000
1016,lxi,2023,petrol,70000,2,Thane,470000
1017,zxi,2020,petrol,72000,1,Thane,499000
1018,vxi,2022,cng,57000,1,Mumbai,625000
1019,lxi,2020,petrol,29000,1,Mumbai,525000
1020,lxi,2009,petrol,82000,3,Sangli,160000
1021,vxi,2006,petrol,60000,2,Raigad,60000
1022,lxi,2013,cng,65000,1,Aurangabad,255000
1023,lxi,2010,petrol,120000,3,Dhule,160000
1024,vxi,2013,petrol,150000,4,Sangli,225000
1025,lxi,2003,petrol,80000,3,Satara,80000
1026,zxi,2020,petrol,23000,1,Sindhudurg,550000
1027,lxi,2020,cng,53000,1,Pune,600000
1028,lxi,2008,petrol,112000,4,Sindhudurg,110000
1029,ax minor,2006,petrol,40000,2,Akola,70000
1030,lxi,2010,petrol,120000,3,Sangli,185000
1031,lxi,2005,petrol,100000,3,Aurangabad,50000
1032,vxi,2011,petrol,75000,2,Nashik,260000
1033,lxi,2023,cng,133000,1,Mumbai,190000
1034,lxi,2015,cng,85000,1,Thane,290000
1035,lxi,2007,petrol,180000,1,Wardha,90000
1036,lxi,2012,cng,91000,2,Thane,230000
1037,vxi,2014,petrol,114000,4,Amravati,225000
1038,lxi,2021,cng,54000,1,Thane,509000
1039,lxi,2012,cng,110000,2,Pune,239000
1040,lxi,2007,petrol,70000,3,Pune,170000
1041,lxi,2015,cng,115000,2,Thane,290000
1042,lxi,2012,cng,75000,4,Aurangabad,210000
1043,lxi,2015,cng,68000,1,Nashik,350000
1044,flex,2008,petrol,900000,5,Sindhudurg,130000
1045,vxi,2007,petrol,103000,4,Jalgaon,85000
1046,ax minor,2017,cng,327000,1,Mumbai,99000
1047,lxi,2011,cng,100000,3,Solapur,220000
1048,vxi,2024,cng,20000,1,Thane,450000
1049,lxi,2020,cng,48000,2,Mumbai,490000
1050,vxi,2016,cng,36000,1,Thane,315000
1051,ax minor,2010,petrol,85000,2,Satara,145000
1052,lxi,2019,petrol,61000,1,Pune,495000
1053,lxi,2017,cng,90000,2,Sangli,250000
1054,lxi,2016,cng,720000,1,Ahmednagar,440000
1055,vxi,2018,petrol,36000,2,Aurangabad,451000
1056,lxi,2014,cng,85000,2,Pune,265000
1057,vxi,2010,cng,75000,3,Mumbai,150000
1058,lxi,2012,cng,85000,3,Nashik,190000
1059,lx minor,2009,lpg,100000,2,Nashik,120000
1061,vxi,2012,petrol,60000,1,Kolhapur,290000
1062,lxi,2018,cng,71000,1,Raigad,400000
1063,lxi,2018,cng,150000,1,Pune,210000
1064,vxi,2016,petrol,21000,1,Pune,375000
1065,lxi,2017,cng,400000,3,Mumbai,140000
1066,lxi,2016,petrol,96000,4,Solapur,325000
1067,lxi,2015,cng,77000,2,Mumbai,270000
1068,vxi,2003,petrol,80000,5,Pune,67000
1069,lxi,2015,petrol,84000,2,Jalgaon,290000
1070,lxi,2018,cng,127000,1,Mumbai,180000
1071,ax minor,2011,petrol,800000,2,Amravati,195000
1073,vxi,2016,petrol,121000,3,Akola,355000
1074,vxi,2022,cng,42000,1,Sangli,700000
1075,vxi,2012,petrol,100000,3,Chandrapur,190000
1076,lxi,2018,cng,75000,1,Pune,460000
1077,vxi,2015,petrol,80000,2,Nagpur,335000
1078,lxi,2012,cng,75000,1,Pune,284000
1079,vxi,2015,cng,86000,2,Pune,345000
1080,vxi,2018,petrol,76000,1,Satara,435000
1081,lxi,2018,petrol,75000,1,Satara,460000
1082,lxi,2015,cng,86000,3,Nashik,300000
1083,lxi,2012,cng,75000,1,Pune,285000
1084,vxi,2022,cng,55000,1,Kolhapur,635000
1085,lxi,2014,cng,29000,1,Kolhapur,335000
1086,lxi,2011,petrol,62000,3,Akola,171000
1087,lxi,2021,cng,110000,1,Osmanabad,600000
1088,lxi,2017,cng,200000,2,Thane,124999
1089,vxi,2014,petrol,64000,1,Kolhapur,356000
1090,vxi,2018,petrol,37000,2,Aurangabad,450000
1091,lxi,2016,cng,95000,2,Nashik,330000
1092,lxi,2010,petrol,72000,2,Nashik,185000
1093,lxi,2017,cng,98000,2,Latur,310000
1094,vxi,2017,petrol,58000,3,Pune,360000
1095,lxi,2018,cng,255000,2,Thane,180000
1096,lxi,2021,cng,38000,1,Pune,580000
1097,vxi,2019,cng,54000,1,Nagpur,520000
1098,vxi,2016,cng,67000,2,Thane,345000
1099,lxi,2012,cng,179000,3,Thane,170000
1100,vxi,2025,cng,4000,1,Sangli,725000
1101,vxi,2021,petrol,26000,1,Mumbai,490000
1102,vxi,2013,petrol,101000,3,Wardha,230000
1103,zxi,2019,cng,46000,2,Parbhani,489000
1104,vxi,2022,cng,59000,1,Pune,625000
1105,vxi,2014,petrol,77000,1,Nashik,375000
1106,lxi,2018,cng,300000,2,Thane,200000
1107,lxi,2014,cng,87000,3,Ratnagiri,297000
1108,lxi,2016,petrol,42000,1,Nagpur,365000
1109,lxi,2013,cng,100000,3,Thane,230000
1110,lxi,2017,cng,300000,1,Mumbai,150000
1111,lxi,2021,petrol,75000,2,Thane,575000
1112,lxi,2015,cng,105000,1,Pune,350000
1113,lxi,2014,cng,120000,2,Ahmednagar,265000
1114,lxi,2021,cng,44000,1,Pune,546000
1115,vxi,2018,petrol,65000,3,Sangli,460000
1116,vxi,2009,petrol,12000,3,Wardha,129000
1117,zxi,2024,petrol,6000,1,Raigad,650000
1118,vxi,2012,petrol,84000,2,Kolhapur,265000
1119,lxi,2018,cng,162000,1,Thane,240000
1120,lxi,2013,petrol,57000,2,Mumbai,320000
1121,lxi,2018,cng,180000,1,Mumbai,180000
1122,vxi,2010,petrol,85000,4,Kolhapur,185000
1123,lxi,2024,cng,51000,1,Mumbai,650000
1124,lxi,2024,cng,51000,1,Mumbai,650000
1125,lxi,2017,petrol,72000,3,Nanded,290000
1126,lxi,2015,cng,200000,1,Pune,380000
1127,lxi,2018,cng,83000,2,Ratnagiri,450000
1128,lxi,2021,cng,55000,1,Thane,539000
1129,lxi,2014,cng,64000,2,Thane,275000
1130,lxi,2013,petrol,99000,3,Amravati,285000
1131,vxi,2010,petrol,39000,1,Thane,215000
1132,vxi,2010,petrol,39000,1,Thane,215000
1133,lxi,2013,petrol,65000,2,Mumbai,315000
1134,zxi,2024,petrol,2000,1,Nagpur,710000
1135,lxi,2004,petrol,10000,3,Amravati,85000
1137,pro,2015,petrol,62000,1,Nagpur,335000
1138,lxi,2015,cng,241000,2,Mumbai,250000
1139,lxi,2013,cng,73000,2,Pune,275000
1140,vxi,2011,petrol,99000,2,Pune,225000
1141,vxi,2013,petrol,86000,1,Kolhapur,351000
1142,lx minor,2020,cng,97000,1,Thane,600000
1143,lxi,2016,cng,97000,1,Pune,380000
1144,lxi,2006,petrol,69000,4,Nagpur,90000
1145,lxi,2016,cng,89000,2,Sangli,330000
1146,lxi,2011,petrol,85000,3,Akola,199999
1147,lxi,2025,cng,7000,1,Pune,690000
1148,vxi,2009,petrol,10000,4,Akola,145000
1149,lxi,2024,cng,96000,1,Mumbai,565000
1150,vxi,2017,petrol,75000,2,Yavatmal,420000
1151,lxi,2010,petrol,121000,1,Thane,145000
1152,lxi,2019,cng,61000,1,Mumbai,525000
1153,lxi,2021,cng,39000,1,Mumbai,575000
1154,lxi,2016,cng,68000,1,Mumbai,380000
1155,lxi,2009,petrol,60000,4,Sindhudurg,95000
1156,lxi,2020,cng,46000,1,Mumbai,550000
1157,lxi,2023,cng,93000,1,Mumbai,510000
1158,zxi,2014,cng,75000,1,Thane,250000
1159,lxi,2018,cng,250000,2,Mumbai,180000
1160,lxi,2009,petrol,56000,2,Aurangabad,200000
1161,lxi,2016,cng,48000,1,Mumbai,349000
1162,zxi,2024,petrol,3000,1,Pune,800000
1163,lxi,2016,petrol,90000,3,Nandurbar,345000
1164,vxi,2012,petrol,58000,2,Kolhapur,320000
1165,vxi,2010,petrol,62000,1,Pune,185000
1166,lxi,2010,petrol,50000,2,Nagpur,170000
1167,lxi,2021,cng,29000,1,Mumbai,565786
1168,vxi,2009,petrol,102000,1,Pune,159000
1169,ax minor,2006,petrol,115000,2,Wardha,100000
1170,lxi,2008,cng,215000,4,Pune,110000
1171,vxi,2020,petrol,67000,1,Nagpur,490000
1172,lxi,2014,cng,83000,1,Mumbai,350000
1173,lxi,2008,petrol,63000,3,Satara,80000
1174,lxi,2015,cng,81000,2,Thane,250000
1175,lxi,2012,petrol,81000,2,Mumbai,200000
1176,lxi,2014,petrol,132000,3,Mumbai,281000
1177,lxi,2021,cng,50000,1,Mumbai,499000
1178,vxi,2019,petrol,54000,1,Mumbai,540000
1179,zxi,2020,petrol,62000,1,Thane,555000
1180,lxi,2021,cng,63000,1,Mumbai,575000
1181,lxi,2005,petrol,88000,3,Ahmednagar,90000
1182,lxi,2012,cng,110000,2,Satara,270000
1183,lxi,2024,cng,33000,1,Nagpur,640000
1184,vxi,2017,cng,145000,2,Mumbai,150000
1185,lxi,2015,cng,85000,1,Thane,350000
1186,lxi,2013,petrol,93000,2,Kolhapur,320000
1187,vxi,2013,petrol,85000,2,Chandrapur,230000
1188,lxi,2010,petrol,61000,1,Mumbai,171000
1189,vxi,2017,petrol,25000,2,Mumbai,390000
1190,lxi,2024,cng,43000,1,Thane,30000
1191,vxi,2007,petrol,99000,3,Satara,125000
1192,vxi,2011,petrol,41000,1,Pune,225000
1193,lxi,2015,petrol,80000,1,Pune,325000
1194,vxi,2022,petrol,32000,2,Kolhapur,525000
1195,vxi,2022,cng,1000,1,Pune,15000
1196,vxi,2011,petrol,83000,2,Nashik,285000
1197,lxi,2011,cng,100000,2,Sangli,220000
1198,lxi,2008,cng,148000,3,Ahmednagar,135000
1199,vxi,2018,petrol,65000,1,Kolhapur,440000
1200,lxi,2023,cng,95000,1,Mumbai,495000
1201,vxi,2016,cng,20000,1,Pune,374000
1202,vxi,2016,petrol,20000,1,Pune,376000
1203,lxi,2020,cng,57000,1,Kolhapur,550000
1204,lxi,2017,cng,132000,1,Kolhapur,380000
1205,lxi,2013,cng,54000,2,Pune,325000
1206,lxi,2015,cng,120000,2,Latur,300000
1207,lxi,2017,cng,249000,1,Thane,200000
1208,lxi,2006,petrol,48000,2,Pune,140000
1209,lxi,2015,cng,85000,1,Mumbai,325555
1210,lxi,2019,cng,60000,2,Pune,499999
1211,vxi,2009,petrol,90000,3,Ahmednagar,139000
1212,lxi,2023,cng,68000,1,Mumbai,525000
1213,lxi,2011,petrol,112000,2,Amravati,195000
1214,lxi,2006,petrol,64000,4,Nagpur,95000
1215,lxi,2012,petrol,62000,2,Nashik,225000
1216,lxi,2021,cng,82000,1,Pune,549999
1217,lxi,2018,cng,81000,2,Mumbai,365000
1218,vxi,2017,petrol,62000,1,Jalgaon,325000
1219,zxi,2019,cng,210000,1,Thane,180000
1220,lxi,2016,cng,97000,2,Ahmednagar,411000
1222,lxi,2016,cng,81000,4,Mumbai,234000
1223,lxi,2023,cng,76000,1,Thane,580000
1224,vxi,2007,cng,100000,4,Solapur,130000
1225,lxi,2010,cng,76000,1,Mumbai,199999
1226,lxi,2015,petrol,90000,3,Jalgaon,300000
1227,vxi,2014,petrol,4000,1,Mumbai,250000
1228,vxi,2012,petrol,82000,2,Jalgaon,221000
1229,zxi,2000,diesel,100000,5,Thane,19786
1230,vxi,2016,petrol,81000,1,Thane,278000
1231,lxi,2010,petrol,39000,2,Ratnagiri,160000
1232,lxi,2012,cng,70000,3,Mumbai,299999
1233,lxi,2019,cng,50000,1,Mumbai,230000
1234,lxi,2020,cng,87000,1,Kolhapur,575000
1235,lxi,2013,cng,34000,2,Mumbai,320000
1236,vxi,2016,cng,95000,2,Mumbai,365000
1237,lxi,2020,cng,58000,1,Thane,520000
1238,vxi,2020,cng,60000,1,Kolhapur,530000
1239,lxi,2006,petrol,120000,2,Kolhapur,100000
1240,lxi,2011,petrol,96000,1,Satara,199000
1241,lxi,2024,cng,14000,1,Thane,655000
1242,vxi,2021,petrol,51000,1,Pune,500000
1243,lxi,2012,cng,68000,2,Kolhapur,260000
1244,vxi,2006,petrol,50000,2,Latur,100000
1245,vxi,2022,cng,85000,1,Parbhani,599000
1246,lxi,2014,cng,70000,2,Mumbai,280000
1247,vxi,2023,cng,70000,1,Nashik,665000
1248,lxi,2021,cng,35000,2,Thane,550000
1249,lxi,2010,petrol,92000,2,Ratnagiri,140000
1250,lxi,2011,petrol,80000,2,Sindhudurg,190000
1251,zxi,2020,petrol,29000,2,Pune,559000
1252,vxi,2013,cng,93000,5,Nandurbar,170000
1253,lxi,2019,cng,197000,1,Thane,240000
1254,lxi,2014,cng,95000,2,Pune,315000
1255,vxi,2016,cng,77000,2,Pune,350000
1256,lxi,2018,cng,323000,2,Pune,200000
1257,lxi,2020,cng,690000,2,Kolhapur,575000
1258,vxi,2014,petrol,24000,1,Nashik,349000
1259,vxi,2018,cng,72000,1,Osmanabad,355000
1260,lxi,2015,cng,85000,1,Mumbai,350000
1261,lxi,2019,cng,100000,1,Pune,495000
1262,lxi,2016,petrol,88000,1,Thane,315000
1263,lxi,2014,cng,100000,1,Thane,300000
1264,lxi,2017,cng,77000,1,Thane,420000
1265,lx minor,2012,cng,56000,2,Ratnagiri,270000
1266,ax minor,2005,petrol,5000,3,Aurangabad,72000
1267,lxi,2012,cng,64000,1,Mumbai,240000
1268,lxi,2018,lpg,300000,1,Thane,180000
1269,lxi,2017,cng,60000,1,Thane,399000
1270,vxi,2016,petrol,67000,3,Jalna,260000
1271,lxi,2012,cng,68000,3,Pune,190000
1272,lxi,2023,cng,69000,1,Satara,550000
1273,lxi,2013,cng,100000,3,Latur,220000
1274,lxi,2012,petrol,99000,2,Nashik,200000
1275,lxi,2005,petrol,100000,2,Pune,75000
1276,vxi,2019,petrol,55000,1,Pune,495000
1277,lxi,2016,lpg,1000,5,Amravati,300000
1278,lxi,2017,petrol,860000,3,Sindhudurg,378000
1279,vxi,2016,petrol,24000,2,Sindhudurg,330000
1280,vxi,2016,petrol,24000,2,Sindhudurg,330000
1281,lxi,2016,cng,59000,2,Mumbai,285000
1282,lxi,2012,cng,75000,1,Thane,251000
1283,vxi,2011,petrol,64000,2,Thane,190000
1284,vxi,2009,petrol,50000,1,Amravati,80000
1285,ax minor,2005,cng,100000,2,Thane,30000
1286,vxi,2016,petrol,67000,1,Nashik,425000
1287,lxi,2016,cng,540000,1,Thane,165000
1288,lxi,2012,petrol,78000,3,Raigad,180000
1289,lxi,2013,petrol,45000,1,Thane,400000
1290,lxi,2013,cng,60000,2,Raigad,300000
1291,lxi,2009,lpg,140000,4,Aurangabad,95000
1292,vxi,2007,petrol,90000,4,Aurangabad,95000
1293,vxi,2017,petrol,55000,2,Nagpur,340000
1294,lxi,2007,petrol,220000,3,Ahmednagar,122000
1295,lxi,2016,cng,83000,3,Sangli,340000
1296,lxi,2020,cng,45000,2,Pune,550000
1297,vxi,2010,cng,108000,2,Jalgaon,130000
1298,lxi,2008,petrol,78000,2,Mumbai,80000
1299,lxi,2010,petrol,228000,5,Nashik,140000
1300,lxi,2016,cng,97000,1,Pune,390000
1301,lxi,2023,cng,28000,1,Mumbai,490000
1302,vxi,2023,cng,100000,1,Pune,550000
1303,lxi,2010,petrol,100000,2,Jalgaon,210000
1304,vxi,2022,cng,4000,1,Thane,600000
1305,vxi,2011,cng,63000,3,Pune,199000
1306,lxi,2010,petrol,110000,4,Aurangabad,135000
1307,lxi,2021,cng,45000,1,Thane,550000
1308,lxi,2013,petrol,100000,3,Sindhudurg,225000
1309,lxi,2018,cng,80000,1,Thane,240000
1310,lxi,2022,cng,180000,1,Mumbai,250000
1312,vxi,2016,petrol,178000,3,Thane,225000
1313,vxi,2008,petrol,41000,1,Akola,110000
1314,vxi,2016,petrol,93000,2,Kolhapur,365000
1315,vxi,2023,cng,30000,1,Sindhudurg,675000
1316,vxi,2004,petrol,125000,4,Ratnagiri,130000
1317,lxi,2019,cng,90000,3,Ratnagiri,485000
1318,lxi,2015,cng,80000,2,Thane,340000
1319,lxi,2021,cng,53000,1,Thane,550000
1320,lxi,2011,lpg,1000,3,Dhule,150000
1321,vxi,2017,petrol,13000,1,Nagpur,500000
1322,zxi,2021,petrol,43000,1,Thane,464000
1323,lxi,2012,cng,35000,2,Nashik,235000
1324,lxi,2012,cng,35000,2,Nashik,235000
1325,lxi,2012,cng,150000,3,Pune,250000
1326,vxi,2012,petrol,55000,1,Nagpur,240000
1327,vxi,2020,cng,78000,3,Kolhapur,550000
1328,vxi,2012,petrol,62000,3,Yavatmal,220000
1329,zxi,2019,petrol,14000,1,Mumbai,460000
1330,lxi,2011,cng,156000,3,Thane,160000
1331,vxi,2011,petrol,86000,3,Kolhapur,156000
1332,vxi,2019,petrol,22000,1,Mumbai,550000
1333,lxi,2016,cng,120000,2,Pune,350000
1334,vxi,2007,cng,200000,3,Pune,120000
1335,lxi,2022,cng,60000,1,Nanded,590000
1336,lxi,2005,petrol,80000,2,Nashik,80000
1337,lxi,2013,cng,150000,2,Mumbai,230000
1338,vxi,2012,petrol,67000,1,Amravati,270000
1339,vxi,2008,cng,1000,3,Beed,60000
1340,lxi,2024,cng,56000,1,Pune,210000
1341,lxi,2016,cng,72000,1,Nashik,349999
1342,lxi,2009,cng,116000,1,Pune,145000
1343,zxi,2022,petrol,16000,1,Mumbai,545000
1344,vxi,2017,petrol,57000,1,Sangli,410000
1345,lxi,2011,petrol,95000,2,Satara,220000
1346,lxi,2017,cng,71000,2,Aurangabad,339000
1347,vxi,2018,petrol,40000,2,Ahmednagar,360000
1348,lxi,2019,cng,74000,1,Thane,490000
1349,lxi,2006,petrol,80000,3,Amravati,110000
1350,lxi,2016,cng,82000,3,Sangli,350000
1351,lxi,2013,petrol,93000,2,Kolhapur,310000
1352,lxi,2010,lpg,80000,2,Nanded,130000
1353,ax minor,2009,cng,150000,4,Ahmednagar,160000
1354,lxi,2013,petrol,116000,2,Osmanabad,260000
1355,vxi,2012,petrol,59000,3,Kolhapur,240000
1357,vxi,2014,petrol,38000,2,Chandrapur,285000
1358,lxi,2018,cng,80000,1,Pune,250000
1359,vxi,2016,cng,65000,1,Pune,400000
1360,vxi,2022,cng,33000,1,Ratnagiri,625000
1361,pro,2017,cng,123000,1,Mumbai,155999
1362,lxi,2012,cng,68000,3,Pune,205000
1363,vxi,2005,petrol,850000,2,Mumbai,80000
1364,lxi,2016,petrol,51000,3,Dhule,285000
1365,ax minor,2006,petrol,93000,4,Ratnagiri,150000
1366,lxi,2014,cng,89000,1,Mumbai,215000
1367,lxi,2014,cng,57000,1,Mumbai,260000
1368,lxi,2015,petrol,117000,1,Satara,390000
1369,vxi,2015,petrol,92000,1,Bhandara,330000
1370,vxi,2012,petrol,42000,2,Sindhudurg,240000
1371,vxi,2022,petrol,35000,1,Jalna,590000
1372,lxi,2018,cng,90000,2,Pune,280000
1373,lxi,2015,cng,117000,1,Pune,390000
1374,lxi,2015,cng,68000,1,Nashik,395000
1375,vxi,2014,petrol,24000,1,Nashik,349000
1376,vxi,2022,cng,47000,1,Ahmednagar,560000
1377,zxi,2019,petrol,71000,2,Osmanabad,485000
1378,lxi,2015,cng,114000,2,Latur,299000
1379,lxi,2011,cng,137000,1,Mumbai,230000
1380,lxi,2024,cng,41000,1,Mumbai,575000
1381,lxi,2012,cng,96000,2,Pune,270000
1382,lxi,2011,petrol,102000,2,Ratnagiri,230000
1384,lxi,2012,cng,85000,2,Kolhapur,290000
1385,lxi,2011,petrol,62000,1,Pune,225000
1386,vxi,2014,petrol,50000,2,Nagpur,315000
1387,lxi,2008,petrol,66000,3,Nashik,150000
1388,lxi,2022,cng,67000,1,Nashik,595000
1389,lxi,2014,cng,210000,1,Pune,295000
1390,vxi,2013,petrol,58000,2,Kolhapur,300000
1391,zxi,2021,petrol,50000,1,Kolhapur,595000
1392,vxi,2014,petrol,42000,2,Akola,298000
1393,vxi,2015,cng,70000,2,Pune,340000
1394,lxi,2018,cng,2000,1,Mumbai,170000
1395,vxi,2010,petrol,65000,3,Thane,92000
1396,lxi,2015,petrol,95000,5,Jalgaon,225000
1397,lxi,2017,cng,170000,1,Solapur,149000
1398,vxi,2016,petrol,43000,1,Nashik,375000
1399,lxi,2023,cng,70000,1,Thane,550000
1400,lxi,2016,petrol,42000,1,Nagpur,365000
1401,vxi,2017,petrol,38000,1,Thane,375000
1402,lxi,2021,cng,38000,1,Pune,610000
1403,vxi,2007,cng,75000,3,Mumbai,110000
1404,lx minor,2008,petrol,85000,1,Nagpur,115000
1405,vxi,2016,petrol,81000,1,Thane,288000
1406,vxi,2016,petrol,20000,1,Pune,375000
1407,lxi,2010,lpg,80000,2,Dhule,150000
1408,vxi,2016,petrol,67000,1,Nashik,425000
1409,lxi,2021,cng,77000,1,Latur,550000
1411,lxi,2020,cng,57000,1,Kolhapur,550000
1412,lxi,2015,petrol,80000,1,Pune,325000
1414,lxi,2007,petrol,87000,1,Pune,107000
1415,vxi,2017,petrol,57000,1,Mumbai,395000
1416,lxi,2016,petrol,42000,1,Nagpur,365000
1417,lxi,2016,petrol,42000,1,Nagpur,365000
1418,lxi,2016,cng,48000,1,Nashik,451000
1419,lxi,2022,cng,59000,1,Thane,579000
1420,lxi,2020,cng,57000,1,Thane,509000
1421,lxi,2018,cng,81000,2,Mumbai,375000
1422,vxi,2019,petrol,68000,1,Pune,530000
1423,lxi,2010,lpg,80000,2,Nashik,150000
1424,vxi,2014,petrol,17000,1,Nashik,355000
1425,lxi,2016,cng,76000,2,Thane,325000
1426,vxi,2019,petrol,110000,1,Kolhapur,495000
1427,vxi,2017,petrol,57000,1,Kolhapur,410000
1428,vxi,2021,petrol,13000,1,Mumbai,505000
1429,vxi,2018,petrol,76000,1,Pune,450000
1430,lxi,2015,petrol,32000,1,Thane,339000
1431,lxi,2015,cng,23000,1,Thane,315000
1432,lxi,2020,cng,75000,1,Pune,550000
1433,lxi,2006,petrol,153000,2,Jalgaon,111000
1434,vxi,2015,petrol,47000,1,Mumbai,345000
1435,vxi,2017,petrol,32000,1,Mumbai,400000
1436,lxi,2011,petrol,80000,1,Kolhapur,255000
1437,lxi,2010,lpg,65000,2,Nashik,150000
1438,lxi,2019,cng,55000,1,Pune,485000
1439,vxi,2017,cng,68000,2,Kolhapur,470000
1440,zxi,2021,petrol,39000,1,Kolhapur,621000
1441,vxi,2022,cng,45000,1,Pune,581000
1442,lx minor,2006,petrol,153000,2,Nashik,99000
1443,zxi,2019,cng,40000,1,Thane,525000
1444,lxi,2015,cng,65000,3,Sangli,365000
1445,lxi,2015,cng,65000,3,Kolhapur,365000
1446,zxi,2023,petrol,32000,1,Nashik,625000
1447,vxi,2016,petrol,85000,1,Pune,340000
1448,vxi,2014,petrol,17000,1,Nashik,361000
1449,vxi,2018,petrol,66000,1,Kolhapur,470000
1450,vxi,2015,petrol,49000,1,Kolhapur,350000
1451,vxi,2013,petrol,32000,2,Kolhapur,320000
1452,vxi,2013,petrol,47000,1,Nashik,321000
1453,vxi,2016,petrol,81000,2,Nashik,430000
1454,lxi,2014,cng,64000,1,Thane,325000
1455,lxi,2019,cng,11000,1,Mumbai,450000
1456,lxi,2015,petrol,62000,1,Nagpur,350000
1458,vxi,2011,petrol,72000,1,Mumbai,165000
1459,lxi,2023,cng,35000,1,Thane,635000
1460,lxi,2013,cng,70000,2,Mumbai,265000
1461,zxi,2022,petrol,34000,1,Aurangabad,625000
1462,vxi,2023,cng,30000,1,Sangli,630000
1464,lxi,2012,petrol,40000,1,Kolhapur,295000
1465,vxi,2021,cng,6000,2,Kolhapur,490000
1468,vxi,2014,cng,103000,2,Kolhapur,350000
1469,lxi,2014,cng,107000,2,Aurangabad,325000
1470,vxi,2023,petrol,25000,1,Sangli,630000
1471,vxi,2023,petrol,25000,1,Sangli,630000
1472,vxi,2012,petrol,138000,1,Satara,310000
1473,lxi,2007,petrol,75000,1,Mumbai,85000
1474,lxi,2013,petrol,75000,1,Nashik,299000
1475,lxi,2012,cng,64000,1,Nashik,290000
1477,zxi,2019,petrol,71000,1,Pune,499700
1478,lxi,2015,petrol,62000,1,Nagpur,350000
1479,vxi,2013,petrol,49000,2,Sangli,325000
1480,lxi,2011,petrol,60000,1,Sangli,260000
1481,lxi,2013,lpg,61000,1,Sangli,310000
1482,lxi,2022,petrol,16000,1,Mumbai,610000
1483,vxi,2017,petrol,37000,1,Nashik,421000
1484,lxi,2019,petrol,68000,1,Satara,530000
1485,vxi,2016,petrol,49000,2,Kolhapur,390000
1486,lxi,2010,petrol,55000,1,Nagpur,165000
1488,vxi,2014,petrol,65000,1,Nashik,350000
1489,vxi,2021,petrol,29000,1,Kolhapur,590000
1490,vxi,2012,petrol,60000,1,Kolhapur,295000
1491,vxi,2012,cng,77000,2,Kolhapur,370000
1492,vxi,2021,cng,74000,1,Kolhapur,600000
1493,lxi,2009,cng,129000,1,Pune,150000
1494,vxi,2015,cng,124000,1,Pune,360000
1495,lxi,2011,petrol,70000,1,Nagpur,239000
1496,lxi,2013,petrol,60000,2,Pune,270000
1497,vxi,2014,petrol,56000,2,Nagpur,290000
1498,lxi,2020,cng,68000,1,Kolhapur,575000
1499,lxi,2010,petrol,59000,1,Nagpur,165000
1500,vxi,2016,petrol,66000,2,Pune,315000
1501,vxi,2020,petrol,14000,1,Kolhapur,551000
1502,vxi,2015,petrol,76000,1,Kolhapur,340000
1503,vxi,2020,petrol,82000,1,Sangli,515000
1504,lxi,2021,cng,32000,1,Pune,550000
1506,lxi,2016,cng,82000,1,Nashik,375000
1507,lxi,2020,cng,99000,1,Pune,485000
1508,vxi,2015,petrol,90000,2,Mumbai,235000
1509,vxi,2015,petrol,75000,1,Nashik,375000
1510,lxi,2014,cng,55000,1,Kolhapur,360000
1511,lxi,2017,cng,92000,3,Kolhapur,325000
1512,vxi,2008,petrol,39000,5,Sangli,140000
1513,lxi,2014,cng,98000,2,Sangli,310000
1514,vxi,2016,petrol,93000,1,Pune,325000
1515,vxi,2017,petrol,46000,1,Nagpur,395000
1516,zxi,2021,petrol,25000,1,Kolhapur,610000
1517,vxi,2018,petrol,76000,1,Satara,450000
1518,zxi,2020,petrol,35000,2,Pune,440000
1519,lxi,2014,cng,96000,1,Pune,335000
1520,vxi,2020,cng,54000,1,Thane,525000
1521,vxi,2011,petrol,62000,1,Mumbai,210000
1522,lxi,2020,cng,73000,1,Pune,470000
1523,vxi,2019,cng,79000,1,Sangli,550000
1524,lxi,2017,cng,93000,1,Pune,395000
1525,lxi,2020,cng,6000,1,Mumbai,477000
1526,vxi,2018,petrol,51000,1,Nagpur,390000
1527,lxi,2014,cng,102000,2,Pune,325000
1529,lxi,2018,cng,56000,1,Pune,425000
1530,lxi,2014,cng,112000,2,Pune,325000
1531,lxi,2021,cng,29000,1,Mumbai,492000
1532,vxi,2018,petrol,51000,1,Nagpur,390000
1533,vxi,2015,petrol,49000,1,Kolhapur,385000
1534,vxi,2013,petrol,49000,1,Kolhapur,299000
1535,lxi,2012,lpg,82000,1,Kolhapur,320000
1536,vxi,2013,petrol,76000,1,Kolhapur,320000
1537,vxi,2015,petrol,69000,1,Pune,325000
1538,vxi,2012,petrol,74000,2,Pune,280000
1539,lxi,2014,cng,68000,2,Thane,279000
1540,vxi,2021,petrol,30000,1,Pune,565000
1541,vxi,2015,petrol,100000,1,Kolhapur,340000
1542,lxi,2012,lpg,82000,1,Kolhapur,320000
1543,vxi,2016,petrol,32000,2,Nagpur,335000
1544,lxi,2016,cng,83000,1,Pune,360000
1545,zxi,2020,petrol,67000,1,Pune,525000
1546,lxi,2014,cng,92000,2,Kolhapur,310000
1547,lxi,2015,cng,68000,3,Kolhapur,355000
1548,zxi,2019,petrol,10000,2,Kolhapur,545000
1549,vxi,2018,petrol,62000,1,Kolhapur,465000
1550,lxi,2015,cng,88000,3,Aurangabad,325000
1551,vxi,2017,petrol,120000,2,Kolhapur,415000
1552,lxi,2021,cng,54000,1,Thane,498000
1553,vxi,2017,petrol,19000,1,Thane,388000
1554,ax minor,2011,cng,184000,3,Pune,221000
1555,lxi,2019,cng,36000,1,Sangli,450000
1556,lxi,2019,petrol,56000,2,Mumbai,383000
1557,vxi,2011,petrol,74000,2,Kolhapur,265000
1558,lxi,2015,cng,90000,2,Thane,311000
1559,vxi,2015,petrol,77000,1,Mumbai,275000
1560,lxi,2007,petrol,97000,2,Pune,89000
1561,lxi,2019,cng,25000,1,Mumbai,491000
1562,vxi,2020,petrol,67000,1,Pune,520000
1563,lxi,2020,cng,73000,1,Mumbai,536000
1564,lxi,2013,petrol,1000,2,Nashik,290000
1565,lxi,2016,cng,77000,2,Nanded,345000
1566,ax minor,2001,lpg,190000,2,Jalgaon,90000
1567,lxi,2007,petrol,102000,2,Pune,125000
1568,lxi,2008,lpg,119000,1,Aurangabad,110000
